[{"model": "vb.team", "pk": 1, "fields": {"team_name": "Royal Challengers Bangalore", "team_abbr": "RCB"}}, {"model": "vb.team", "pk": 2, "fields": {"team_name": "Mumbai Indians", "team_abbr": "MI"}}, {"model": "vb.team", "pk": 3, "fields": {"team_name": "Gujarat Lions", "team_abbr": "GL"}}, {"model": "vb.team", "pk": 4, "fields": {"team_name": "Rising Pune Supergiants", "team_abbr": "RPS"}}, {"model": "vb.team", "pk": 5, "fields": {"team_name": "Sun Risers Hyderabad", "team_abbr": "SRH"}}, {"model": "vb.team", "pk": 6, "fields": {"team_name": "Kolkata Knight Riders", "team_abbr": "KKR"}}, {"model": "vb.team", "pk": 7, "fields": {"team_name": "Delhi Daredevils", "team_abbr": "DD"}}, {"model": "vb.team", "pk": 8, "fields": {"team_name": "Kings XI Punjab", "team_abbr": "KXI"}}, {"model": "vb.fixture", "pk": 4, "fields": {"home_team": 2, "away_team": 4, "match_date": "2016-04-09", "match_time": "20:00:00", "match_number": 1}}, {"model": "vb.fixture", "pk": 5, "fields": {"home_team": 6, "away_team": 7, "match_date": "2016-04-10", "match_time": "20:00:00", "match_number": 2}}, {"model": "vb.fixture", "pk": 6, "fields": {"home_team": 8, "away_team": 3, "match_date": "2016-04-11", "match_time": "20:00:00", "match_number": 3}}, {"model": "vb.fixture", "pk": 7, "fields": {"home_team": 1, "away_team": 5, "match_date": "2016-04-12", "match_time": "20:00:00", "match_number": 4}}, {"model": "vb.fixture", "pk": 8, "fields": {"home_team": 6, "away_team": 2, "match_date": "2016-04-13", "match_time": "20:00:00", "match_number": 5}}, {"model": "vb.fixture", "pk": 9, "fields": {"home_team": 3, "away_team": 4, "match_date": "2016-04-14", "match_time": "20:00:00", "match_number": 6}}, {"model": "vb.fixture", "pk": 10, "fields": {"home_team": 7, "away_team": 8, "match_date": "2016-04-15", "match_time": "20:00:00", "match_number": 7}}, {"model": "vb.fixture", "pk": 11, "fields": {"home_team": 5, "away_team": 6, "match_date": "2016-04-16", "match_time": "16:00:00", "match_number": 8}}, {"model": "vb.fixture", "pk": 12, "fields": {"home_team": 2, "away_team": 3, "match_date": "2016-04-16", "match_time": "20:00:00", "match_number": 9}}, {"model": "vb.fixture", "pk": 13, "fields": {"home_team": 8, "away_team": 4, "match_date": "2016-04-17", "match_time": "16:00:00", "match_number": 10}}, {"model": "vb.fixture", "pk": 14, "fields": {"home_team": 1, "away_team": 7, "match_date": "2016-04-17", "match_time": "20:00:00", "match_number": 11}}, {"model": "vb.fixture", "pk": 15, "fields": {"home_team": 5, "away_team": 2, "match_date": "2016-04-18", "match_time": "20:00:00", "match_number": 12}}, {"model": "vb.fixture", "pk": 16, "fields": {"home_team": 8, "away_team": 6, "match_date": "2016-04-19", "match_time": "20:00:00", "match_number": 13}}, {"model": "vb.fixture", "pk": 17, "fields": {"home_team": 2, "away_team": 1, "match_date": "2016-04-20", "match_time": "20:00:00", "match_number": 14}}, {"model": "vb.fixture", "pk": 18, "fields": {"home_team": 3, "away_team": 5, "match_date": "2016-04-21", "match_time": "20:00:00", "match_number": 15}}, {"model": "vb.fixture", "pk": 19, "fields": {"home_team": 4, "away_team": 1, "match_date": "2016-04-22", "match_time": "20:00:00", "match_number": 16}}, {"model": "vb.fixture", "pk": 20, "fields": {"home_team": 7, "away_team": 2, "match_date": "2016-04-23", "match_time": "16:00:00", "match_number": 17}}, {"model": "vb.fixture", "pk": 21, "fields": {"home_team": 5, "away_team": 8, "match_date": "2016-04-23", "match_time": "20:00:00", "match_number": 18}}, {"model": "vb.fixture", "pk": 22, "fields": {"home_team": 3, "away_team": 1, "match_date": "2016-04-24", "match_time": "16:00:00", "match_number": 19}}, {"model": "vb.fixture", "pk": 23, "fields": {"home_team": 4, "away_team": 6, "match_date": "2016-04-24", "match_time": "20:00:00", "match_number": 20}}, {"model": "vb.fixture", "pk": 24, "fields": {"home_team": 8, "away_team": 2, "match_date": "2016-04-25", "match_time": "20:00:00", "match_number": 21}}, {"model": "vb.fixture", "pk": 25, "fields": {"home_team": 5, "away_team": 4, "match_date": "2016-04-26", "match_time": "20:00:00", "match_number": 22}}, {"model": "vb.fixture", "pk": 26, "fields": {"home_team": 7, "away_team": 3, "match_date": "2016-04-27", "match_time": "20:00:00", "match_number": 23}}, {"model": "vb.fixture", "pk": 27, "fields": {"home_team": 2, "away_team": 6, "match_date": "2016-04-28", "match_time": "20:00:00", "match_number": 24}}, {"model": "vb.fixture", "pk": 28, "fields": {"home_team": 4, "away_team": 3, "match_date": "2016-04-29", "match_time": "20:00:00", "match_number": 25}}, {"model": "vb.fixture", "pk": 29, "fields": {"home_team": 7, "away_team": 6, "match_date": "2016-04-30", "match_time": "16:00:00", "match_number": 26}}, {"model": "vb.fixture", "pk": 30, "fields": {"home_team": 5, "away_team": 1, "match_date": "2016-04-30", "match_time": "20:00:00", "match_number": 27}}, {"model": "vb.fixture", "pk": 31, "fields": {"home_team": 3, "away_team": 8, "match_date": "2016-05-01", "match_time": "16:00:00", "match_number": 28}}, {"model": "vb.fixture", "pk": 32, "fields": {"home_team": 4, "away_team": 2, "match_date": "2016-05-01", "match_time": "20:00:00", "match_number": 29}}, {"model": "vb.fixture", "pk": 33, "fields": {"home_team": 1, "away_team": 6, "match_date": "2016-05-02", "match_time": "20:00:00", "match_number": 30}}, {"model": "vb.fixture", "pk": 34, "fields": {"home_team": 3, "away_team": 7, "match_date": "2016-05-03", "match_time": "20:00:00", "match_number": 31}}, {"model": "vb.fixture", "pk": 35, "fields": {"home_team": 6, "away_team": 8, "match_date": "2016-05-04", "match_time": "20:00:00", "match_number": 32}}, {"model": "vb.fixture", "pk": 36, "fields": {"home_team": 7, "away_team": 4, "match_date": "2016-05-05", "match_time": "20:00:00", "match_number": 33}}, {"model": "vb.fixture", "pk": 37, "fields": {"home_team": 5, "away_team": 3, "match_date": "2016-05-06", "match_time": "20:00:00", "match_number": 34}}, {"model": "vb.fixture", "pk": 38, "fields": {"home_team": 1, "away_team": 4, "match_date": "2016-05-07", "match_time": "16:00:00", "match_number": 35}}, {"model": "vb.fixture", "pk": 39, "fields": {"home_team": 8, "away_team": 7, "match_date": "2016-05-07", "match_time": "20:00:00", "match_number": 36}}, {"model": "vb.fixture", "pk": 40, "fields": {"home_team": 2, "away_team": 5, "match_date": "2016-05-08", "match_time": "16:00:00", "match_number": 37}}, {"model": "vb.fixture", "pk": 41, "fields": {"home_team": 6, "away_team": 3, "match_date": "2016-05-08", "match_time": "20:00:00", "match_number": 38}}, {"model": "vb.fixture", "pk": 42, "fields": {"home_team": 8, "away_team": 1, "match_date": "2016-05-09", "match_time": "20:00:00", "match_number": 39}}, {"model": "vb.fixture", "pk": 43, "fields": {"home_team": 4, "away_team": 5, "match_date": "2016-05-10", "match_time": "20:00:00", "match_number": 40}}, {"model": "vb.fixture", "pk": 44, "fields": {"home_team": 1, "away_team": 2, "match_date": "2016-05-11", "match_time": "20:00:00", "match_number": 41}}, {"model": "vb.fixture", "pk": 45, "fields": {"home_team": 5, "away_team": 7, "match_date": "2016-05-12", "match_time": "20:00:00", "match_number": 42}}, {"model": "vb.fixture", "pk": 46, "fields": {"home_team": 2, "away_team": 8, "match_date": "2016-05-13", "match_time": "20:00:00", "match_number": 43}}, {"model": "vb.fixture", "pk": 47, "fields": {"home_team": 1, "away_team": 3, "match_date": "2016-05-14", "match_time": "16:00:00", "match_number": 44}}, {"model": "vb.fixture", "pk": 48, "fields": {"home_team": 6, "away_team": 4, "match_date": "2016-05-14", "match_time": "20:00:00", "match_number": 45}}, {"model": "vb.fixture", "pk": 49, "fields": {"home_team": 2, "away_team": 7, "match_date": "2016-05-15", "match_time": "16:00:00", "match_number": 46}}, {"model": "vb.fixture", "pk": 50, "fields": {"home_team": 8, "away_team": 5, "match_date": "2016-05-15", "match_time": "20:00:00", "match_number": 47}}, {"model": "vb.fixture", "pk": 51, "fields": {"home_team": 6, "away_team": 1, "match_date": "2016-05-16", "match_time": "20:00:00", "match_number": 48}}, {"model": "vb.fixture", "pk": 52, "fields": {"home_team": 4, "away_team": 7, "match_date": "2016-05-17", "match_time": "20:00:00", "match_number": 49}}, {"model": "vb.fixture", "pk": 53, "fields": {"home_team": 1, "away_team": 8, "match_date": "2016-05-18", "match_time": "20:00:00", "match_number": 50}}, {"model": "vb.fixture", "pk": 54, "fields": {"home_team": 3, "away_team": 6, "match_date": "2016-05-19", "match_time": "20:00:00", "match_number": 51}}, {"model": "vb.fixture", "pk": 55, "fields": {"home_team": 7, "away_team": 5, "match_date": "2016-05-20", "match_time": "20:00:00", "match_number": 52}}, {"model": "vb.fixture", "pk": 56, "fields": {"home_team": 4, "away_team": 8, "match_date": "2016-05-21", "match_time": "16:00:00", "match_number": 53}}, {"model": "vb.fixture", "pk": 57, "fields": {"home_team": 3, "away_team": 2, "match_date": "2016-05-21", "match_time": "20:00:00", "match_number": 54}}, {"model": "vb.fixture", "pk": 58, "fields": {"home_team": 6, "away_team": 5, "match_date": "2016-05-22", "match_time": "16:00:00", "match_number": 55}}, {"model": "vb.fixture", "pk": 59, "fields": {"home_team": 7, "away_team": 1, "match_date": "2016-05-22", "match_time": "20:00:00", "match_number": 56}}, {"model": "vb.bettinguser", "pk": 2, "fields": {"account_balance": 67869, "bet_admin": false, "groups": [1], "user_permissions": [31]}}, {"model": "vb.bettinguser", "pk": 5, "fields": {"account_balance": 0, "bet_admin": true, "groups": [], "user_permissions": [31, 32, 33, 28, 29, 30, 22, 23, 24, 25, 26, 27, 19, 20, 21]}}, {"model": "vb.bettinguser", "pk": 10, "fields": {"account_balance": 50000, "bet_admin": false, "groups": [], "user_permissions": []}}, {"model": "vb.theme", "pk": 2, "fields": {"theme_name": "spacelab"}}, {"model": "vb.theme", "pk": 3, "fields": {"theme_name": "cerulean"}}, {"model": "vb.theme", "pk": 4, "fields": {"theme_name": "cosmo"}}, {"model": "vb.theme", "pk": 5, "fields": {"theme_name": "cyborg"}}, {"model": "vb.theme", "pk": 6, "fields": {"theme_name": "darkly"}}, {"model": "vb.theme", "pk": 7, "fields": {"theme_name": "flatly"}}, {"model": "vb.theme", "pk": 8, "fields": {"theme_name": "journal"}}, {"model": "vb.theme", "pk": 9, "fields": {"theme_name": "lumen"}}, {"model": "vb.theme", "pk": 10, "fields": {"theme_name": "readable"}}, {"model": "vb.theme", "pk": 11, "fields": {"theme_name": "simplex"}}, {"model": "vb.theme", "pk": 12, "fields": {"theme_name": "slate"}}, {"model": "vb.theme", "pk": 13, "fields": {"theme_name": "superhero"}}, {"model": "vb.theme", "pk": 14, "fields": {"theme_name": "united"}}, {"model": "vb.theme", "pk": 15, "fields": {"theme_name": "yeti"}}, {"model": "vb.theme", "pk": 16, "fields": {"theme_name": "paper"}}, {"model": "vb.configuration", "pk": 1, "fields": {"allow_transfer": true, "freeze_bet_before": 30, "theme": 11}}]