[{"model": "contenttypes.contenttype", "pk": 1, "fields": {"app_label": "admin", "model": "logentry"}}, {"model": "contenttypes.contenttype", "pk": 2, "fields": {"app_label": "auth", "model": "permission"}}, {"model": "contenttypes.contenttype", "pk": 3, "fields": {"app_label": "auth", "model": "group"}}, {"model": "contenttypes.contenttype", "pk": 4, "fields": {"app_label": "auth", "model": "user"}}, {"model": "contenttypes.contenttype", "pk": 5, "fields": {"app_label": "contenttypes", "model": "contenttype"}}, {"model": "contenttypes.contenttype", "pk": 6, "fields": {"app_label": "sessions", "model": "session"}}, {"model": "contenttypes.contenttype", "pk": 7, "fields": {"app_label": "vb", "model": "team"}}, {"model": "contenttypes.contenttype", "pk": 8, "fields": {"app_label": "vb", "model": "fixture"}}, {"model": "contenttypes.contenttype", "pk": 9, "fields": {"app_label": "vb", "model": "result"}}, {"model": "contenttypes.contenttype", "pk": 10, "fields": {"app_label": "vb", "model": "bettinguser"}}, {"model": "contenttypes.contenttype", "pk": 11, "fields": {"app_label": "vb", "model": "bet"}}, {"model": "contenttypes.contenttype", "pk": 12, "fields": {"app_label": "vb", "model": "winmultiplier"}}, {"model": "contenttypes.contenttype", "pk": 13, "fields": {"app_label": "vb", "model": "configuration"}}, {"model": "contenttypes.contenttype", "pk": 15, "fields": {"app_label": "vb", "model": "theme"}}, {"model": "sessions.session", "pk": "4fgwdh65v0cedeh1z3blu70l57xci5ef", "fields": {"session_data": "NWNhYWJiMWY0NzJmZDA1NWIwYmQ2ZmVjZWFmNzFhMmE1NzA0Y2NhYjp7Il9hdXRoX3VzZXJfaGFzaCI6Ijc1ZWFmY2IyN2U3ZDQ1ZjdlYmQwNzIzZTgyOTFiMThmZWMxODFhYjIiLCJfYXV0aF91c2VyX2JhY2tlbmQiOiJkamFuZ28uY29udHJpYi5hdXRoLmJhY2tlbmRzLk1vZGVsQmFja2VuZCIsIl9hdXRoX3VzZXJfaWQiOiIyIn0=", "expire_date": "2016-05-13T10:10:19.776Z"}}, {"model": "sessions.session", "pk": "5i03q2k2jnpxis4zax25u9opavpe6yjg", "fields": {"session_data": "NDFiMzUwNDBkZmFhYzMwNTRhNjRmZGUxN2UyYWViNGJjNTcwMTlkODp7Il9hdXRoX3VzZXJfaGFzaCI6IjAxZmQwYmE1MTdhNTZkMjM1YWUyZWI1MmQ1NmEyYzhmYjE4ZjRiY2IiLCJfYXV0aF91c2VyX2JhY2tlbmQiOiJkamFuZ28uY29udHJpYi5hdXRoLmJhY2tlbmRzLk1vZGVsQmFja2VuZCIsIl9hdXRoX3VzZXJfaWQiOiIxIn0=", "expire_date": "2016-05-17T04:55:23.609Z"}}, {"model": "sessions.session", "pk": "msncsqykshnk8asqq6yf36w669j7fel5", "fields": {"session_data": "NDFiMzUwNDBkZmFhYzMwNTRhNjRmZGUxN2UyYWViNGJjNTcwMTlkODp7Il9hdXRoX3VzZXJfaGFzaCI6IjAxZmQwYmE1MTdhNTZkMjM1YWUyZWI1MmQ1NmEyYzhmYjE4ZjRiY2IiLCJfYXV0aF91c2VyX2JhY2tlbmQiOiJkamFuZ28uY29udHJpYi5hdXRoLmJhY2tlbmRzLk1vZGVsQmFja2VuZCIsIl9hdXRoX3VzZXJfaWQiOiIxIn0=", "expire_date": "2016-05-16T18:42:32.401Z"}}, {"model": "sessions.session", "pk": "ooq8wcjuybggzb2sikzxorqwy892ooef", "fields": {"session_data": "NDFiMzUwNDBkZmFhYzMwNTRhNjRmZGUxN2UyYWViNGJjNTcwMTlkODp7Il9hdXRoX3VzZXJfaGFzaCI6IjAxZmQwYmE1MTdhNTZkMjM1YWUyZWI1MmQ1NmEyYzhmYjE4ZjRiY2IiLCJfYXV0aF91c2VyX2JhY2tlbmQiOiJkamFuZ28uY29udHJpYi5hdXRoLmJhY2tlbmRzLk1vZGVsQmFja2VuZCIsIl9hdXRoX3VzZXJfaWQiOiIxIn0=", "expire_date": "2016-05-16T15:12:43.566Z"}}, {"model": "sessions.session", "pk": "thtxds2wgvqhshetfl4lwwahl7vhadz8", "fields": {"session_data": "NDFiMzUwNDBkZmFhYzMwNTRhNjRmZGUxN2UyYWViNGJjNTcwMTlkODp7Il9hdXRoX3VzZXJfaGFzaCI6IjAxZmQwYmE1MTdhNTZkMjM1YWUyZWI1MmQ1NmEyYzhmYjE4ZjRiY2IiLCJfYXV0aF91c2VyX2JhY2tlbmQiOiJkamFuZ28uY29udHJpYi5hdXRoLmJhY2tlbmRzLk1vZGVsQmFja2VuZCIsIl9hdXRoX3VzZXJfaWQiOiIxIn0=", "expire_date": "2016-05-14T14:51:08.060Z"}}, {"model": "vb.team", "pk": 1, "fields": {"team_name": "Royal Challengers Bangalore", "team_abbr": "RCB"}}, {"model": "vb.team", "pk": 2, "fields": {"team_name": "Mumbai Indians", "team_abbr": "MI"}}, {"model": "vb.team", "pk": 3, "fields": {"team_name": "Gujarat Lions", "team_abbr": "GL"}}, {"model": "vb.team", "pk": 4, "fields": {"team_name": "Rising Pune Supergiants", "team_abbr": "RPS"}}, {"model": "vb.team", "pk": 5, "fields": {"team_name": "Sun Risers Hyderabad", "team_abbr": "SRH"}}, {"model": "vb.team", "pk": 6, "fields": {"team_name": "Kolkata Knight Riders", "team_abbr": "KKR"}}, {"model": "vb.team", "pk": 7, "fields": {"team_name": "Delhi Daredevils", "team_abbr": "DD"}}, {"model": "vb.team", "pk": 8, "fields": {"team_name": "Kings XI Punjab", "team_abbr": "KXI"}}, {"model": "vb.fixture", "pk": 4, "fields": {"home_team": 2, "away_team": 4, "match_date": "2016-04-09", "match_time": "20:00:00", "match_number": 1}}, {"model": "vb.fixture", "pk": 5, "fields": {"home_team": 6, "away_team": 7, "match_date": "2016-04-10", "match_time": "20:00:00", "match_number": 2}}, {"model": "vb.fixture", "pk": 6, "fields": {"home_team": 8, "away_team": 3, "match_date": "2016-04-11", "match_time": "20:00:00", "match_number": 3}}, {"model": "vb.fixture", "pk": 7, "fields": {"home_team": 1, "away_team": 5, "match_date": "2016-04-12", "match_time": "20:00:00", "match_number": 4}}, {"model": "vb.fixture", "pk": 8, "fields": {"home_team": 6, "away_team": 2, "match_date": "2016-04-13", "match_time": "20:00:00", "match_number": 5}}, {"model": "vb.fixture", "pk": 9, "fields": {"home_team": 3, "away_team": 4, "match_date": "2016-04-14", "match_time": "20:00:00", "match_number": 6}}, {"model": "vb.fixture", "pk": 10, "fields": {"home_team": 7, "away_team": 8, "match_date": "2016-04-15", "match_time": "20:00:00", "match_number": 7}}, {"model": "vb.fixture", "pk": 11, "fields": {"home_team": 5, "away_team": 6, "match_date": "2016-04-16", "match_time": "16:00:00", "match_number": 8}}, {"model": "vb.fixture", "pk": 12, "fields": {"home_team": 2, "away_team": 3, "match_date": "2016-04-16", "match_time": "20:00:00", "match_number": 9}}, {"model": "vb.fixture", "pk": 13, "fields": {"home_team": 8, "away_team": 4, "match_date": "2016-04-17", "match_time": "16:00:00", "match_number": 10}}, {"model": "vb.fixture", "pk": 14, "fields": {"home_team": 1, "away_team": 7, "match_date": "2016-04-17", "match_time": "20:00:00", "match_number": 11}}, {"model": "vb.fixture", "pk": 15, "fields": {"home_team": 5, "away_team": 2, "match_date": "2016-04-18", "match_time": "20:00:00", "match_number": 12}}, {"model": "vb.fixture", "pk": 16, "fields": {"home_team": 8, "away_team": 6, "match_date": "2016-04-19", "match_time": "20:00:00", "match_number": 13}}, {"model": "vb.fixture", "pk": 17, "fields": {"home_team": 2, "away_team": 1, "match_date": "2016-04-20", "match_time": "20:00:00", "match_number": 14}}, {"model": "vb.fixture", "pk": 18, "fields": {"home_team": 3, "away_team": 5, "match_date": "2016-04-21", "match_time": "20:00:00", "match_number": 15}}, {"model": "vb.fixture", "pk": 19, "fields": {"home_team": 4, "away_team": 1, "match_date": "2016-04-22", "match_time": "20:00:00", "match_number": 16}}, {"model": "vb.fixture", "pk": 20, "fields": {"home_team": 7, "away_team": 2, "match_date": "2016-04-23", "match_time": "16:00:00", "match_number": 17}}, {"model": "vb.fixture", "pk": 21, "fields": {"home_team": 5, "away_team": 8, "match_date": "2016-04-23", "match_time": "20:00:00", "match_number": 18}}, {"model": "vb.fixture", "pk": 22, "fields": {"home_team": 3, "away_team": 1, "match_date": "2016-04-24", "match_time": "16:00:00", "match_number": 19}}, {"model": "vb.fixture", "pk": 23, "fields": {"home_team": 4, "away_team": 6, "match_date": "2016-04-24", "match_time": "20:00:00", "match_number": 20}}, {"model": "vb.fixture", "pk": 24, "fields": {"home_team": 8, "away_team": 2, "match_date": "2016-04-25", "match_time": "20:00:00", "match_number": 21}}, {"model": "vb.fixture", "pk": 25, "fields": {"home_team": 5, "away_team": 4, "match_date": "2016-04-26", "match_time": "20:00:00", "match_number": 22}}, {"model": "vb.fixture", "pk": 26, "fields": {"home_team": 7, "away_team": 3, "match_date": "2016-04-27", "match_time": "20:00:00", "match_number": 23}}, {"model": "vb.fixture", "pk": 27, "fields": {"home_team": 2, "away_team": 6, "match_date": "2016-04-28", "match_time": "20:00:00", "match_number": 24}}, {"model": "vb.fixture", "pk": 28, "fields": {"home_team": 4, "away_team": 3, "match_date": "2016-04-29", "match_time": "20:00:00", "match_number": 25}}, {"model": "vb.fixture", "pk": 29, "fields": {"home_team": 7, "away_team": 6, "match_date": "2016-04-30", "match_time": "16:00:00", "match_number": 26}}, {"model": "vb.fixture", "pk": 30, "fields": {"home_team": 5, "away_team": 1, "match_date": "2016-04-30", "match_time": "20:00:00", "match_number": 27}}, {"model": "vb.fixture", "pk": 31, "fields": {"home_team": 3, "away_team": 8, "match_date": "2016-05-01", "match_time": "16:00:00", "match_number": 28}}, {"model": "vb.fixture", "pk": 32, "fields": {"home_team": 4, "away_team": 2, "match_date": "2016-05-01", "match_time": "20:00:00", "match_number": 29}}, {"model": "vb.fixture", "pk": 33, "fields": {"home_team": 1, "away_team": 6, "match_date": "2016-05-02", "match_time": "20:00:00", "match_number": 30}}, {"model": "vb.fixture", "pk": 34, "fields": {"home_team": 3, "away_team": 7, "match_date": "2016-05-03", "match_time": "20:00:00", "match_number": 31}}, {"model": "vb.fixture", "pk": 35, "fields": {"home_team": 6, "away_team": 8, "match_date": "2016-05-04", "match_time": "20:00:00", "match_number": 32}}, {"model": "vb.fixture", "pk": 36, "fields": {"home_team": 7, "away_team": 4, "match_date": "2016-05-05", "match_time": "20:00:00", "match_number": 33}}, {"model": "vb.fixture", "pk": 37, "fields": {"home_team": 5, "away_team": 3, "match_date": "2016-05-06", "match_time": "20:00:00", "match_number": 34}}, {"model": "vb.fixture", "pk": 38, "fields": {"home_team": 1, "away_team": 4, "match_date": "2016-05-07", "match_time": "16:00:00", "match_number": 35}}, {"model": "vb.fixture", "pk": 39, "fields": {"home_team": 8, "away_team": 7, "match_date": "2016-05-07", "match_time": "20:00:00", "match_number": 36}}, {"model": "vb.fixture", "pk": 40, "fields": {"home_team": 2, "away_team": 5, "match_date": "2016-05-08", "match_time": "16:00:00", "match_number": 37}}, {"model": "vb.fixture", "pk": 41, "fields": {"home_team": 6, "away_team": 3, "match_date": "2016-05-08", "match_time": "20:00:00", "match_number": 38}}, {"model": "vb.fixture", "pk": 42, "fields": {"home_team": 8, "away_team": 1, "match_date": "2016-05-09", "match_time": "20:00:00", "match_number": 39}}, {"model": "vb.fixture", "pk": 43, "fields": {"home_team": 4, "away_team": 5, "match_date": "2016-05-10", "match_time": "20:00:00", "match_number": 40}}, {"model": "vb.fixture", "pk": 44, "fields": {"home_team": 1, "away_team": 2, "match_date": "2016-05-11", "match_time": "20:00:00", "match_number": 41}}, {"model": "vb.fixture", "pk": 45, "fields": {"home_team": 5, "away_team": 7, "match_date": "2016-05-12", "match_time": "20:00:00", "match_number": 42}}, {"model": "vb.fixture", "pk": 46, "fields": {"home_team": 2, "away_team": 8, "match_date": "2016-05-13", "match_time": "20:00:00", "match_number": 43}}, {"model": "vb.fixture", "pk": 47, "fields": {"home_team": 1, "away_team": 3, "match_date": "2016-05-14", "match_time": "16:00:00", "match_number": 44}}, {"model": "vb.fixture", "pk": 48, "fields": {"home_team": 6, "away_team": 4, "match_date": "2016-05-14", "match_time": "20:00:00", "match_number": 45}}, {"model": "vb.fixture", "pk": 49, "fields": {"home_team": 2, "away_team": 7, "match_date": "2016-05-15", "match_time": "16:00:00", "match_number": 46}}, {"model": "vb.fixture", "pk": 50, "fields": {"home_team": 8, "away_team": 5, "match_date": "2016-05-15", "match_time": "20:00:00", "match_number": 47}}, {"model": "vb.fixture", "pk": 51, "fields": {"home_team": 6, "away_team": 1, "match_date": "2016-05-16", "match_time": "20:00:00", "match_number": 48}}, {"model": "vb.fixture", "pk": 52, "fields": {"home_team": 4, "away_team": 7, "match_date": "2016-05-17", "match_time": "20:00:00", "match_number": 49}}, {"model": "vb.fixture", "pk": 53, "fields": {"home_team": 1, "away_team": 8, "match_date": "2016-05-18", "match_time": "20:00:00", "match_number": 50}}, {"model": "vb.fixture", "pk": 54, "fields": {"home_team": 3, "away_team": 6, "match_date": "2016-05-19", "match_time": "20:00:00", "match_number": 51}}, {"model": "vb.fixture", "pk": 55, "fields": {"home_team": 7, "away_team": 5, "match_date": "2016-05-20", "match_time": "20:00:00", "match_number": 52}}, {"model": "vb.fixture", "pk": 56, "fields": {"home_team": 4, "away_team": 8, "match_date": "2016-05-21", "match_time": "16:00:00", "match_number": 53}}, {"model": "vb.fixture", "pk": 57, "fields": {"home_team": 3, "away_team": 2, "match_date": "2016-05-21", "match_time": "20:00:00", "match_number": 54}}, {"model": "vb.fixture", "pk": 58, "fields": {"home_team": 6, "away_team": 5, "match_date": "2016-05-22", "match_time": "16:00:00", "match_number": 55}}, {"model": "vb.fixture", "pk": 59, "fields": {"home_team": 7, "away_team": 1, "match_date": "2016-05-22", "match_time": "20:00:00", "match_number": 56}}, {"model": "vb.theme", "pk": 2, "fields": {"theme_name": "spacelab"}}, {"model": "vb.theme", "pk": 3, "fields": {"theme_name": "cerulean"}}, {"model": "vb.theme", "pk": 4, "fields": {"theme_name": "cosmo"}}, {"model": "vb.theme", "pk": 5, "fields": {"theme_name": "cyborg"}}, {"model": "vb.theme", "pk": 6, "fields": {"theme_name": "darkly"}}, {"model": "vb.theme", "pk": 7, "fields": {"theme_name": "flatly"}}, {"model": "vb.theme", "pk": 8, "fields": {"theme_name": "journal"}}, {"model": "vb.theme", "pk": 9, "fields": {"theme_name": "lumen"}}, {"model": "vb.theme", "pk": 10, "fields": {"theme_name": "readable"}}, {"model": "vb.theme", "pk": 11, "fields": {"theme_name": "simplex"}}, {"model": "vb.theme", "pk": 12, "fields": {"theme_name": "slate"}}, {"model": "vb.theme", "pk": 13, "fields": {"theme_name": "superhero"}}, {"model": "vb.theme", "pk": 14, "fields": {"theme_name": "united"}}, {"model": "vb.theme", "pk": 15, "fields": {"theme_name": "yeti"}}, {"model": "vb.theme", "pk": 16, "fields": {"theme_name": "paper"}}, {"model": "vb.configuration", "pk": 1, "fields": {"allow_transfer": true, "freeze_bet_before": 30, "theme": 11}}, {"model": "auth.permission", "pk": 1, "fields": {"name": "Can add log entry", "content_type": 1, "codename": "add_logentry"}}, {"model": "auth.permission", "pk": 2, "fields": {"name": "Can change log entry", "content_type": 1, "codename": "change_logentry"}}, {"model": "auth.permission", "pk": 3, "fields": {"name": "Can delete log entry", "content_type": 1, "codename": "delete_logentry"}}, {"model": "auth.permission", "pk": 4, "fields": {"name": "Can add permission", "content_type": 2, "codename": "add_permission"}}, {"model": "auth.permission", "pk": 5, "fields": {"name": "Can change permission", "content_type": 2, "codename": "change_permission"}}, {"model": "auth.permission", "pk": 6, "fields": {"name": "Can delete permission", "content_type": 2, "codename": "delete_permission"}}, {"model": "auth.permission", "pk": 7, "fields": {"name": "Can add group", "content_type": 3, "codename": "add_group"}}, {"model": "auth.permission", "pk": 8, "fields": {"name": "Can change group", "content_type": 3, "codename": "change_group"}}, {"model": "auth.permission", "pk": 9, "fields": {"name": "Can delete group", "content_type": 3, "codename": "delete_group"}}, {"model": "auth.permission", "pk": 10, "fields": {"name": "Can add user", "content_type": 4, "codename": "add_user"}}, {"model": "auth.permission", "pk": 11, "fields": {"name": "Can change user", "content_type": 4, "codename": "change_user"}}, {"model": "auth.permission", "pk": 12, "fields": {"name": "Can delete user", "content_type": 4, "codename": "delete_user"}}, {"model": "auth.permission", "pk": 13, "fields": {"name": "Can add content type", "content_type": 5, "codename": "add_contenttype"}}, {"model": "auth.permission", "pk": 14, "fields": {"name": "Can change content type", "content_type": 5, "codename": "change_contenttype"}}, {"model": "auth.permission", "pk": 15, "fields": {"name": "Can delete content type", "content_type": 5, "codename": "delete_contenttype"}}, {"model": "auth.permission", "pk": 16, "fields": {"name": "Can add session", "content_type": 6, "codename": "add_session"}}, {"model": "auth.permission", "pk": 17, "fields": {"name": "Can change session", "content_type": 6, "codename": "change_session"}}, {"model": "auth.permission", "pk": 18, "fields": {"name": "Can delete session", "content_type": 6, "codename": "delete_session"}}, {"model": "auth.permission", "pk": 19, "fields": {"name": "Can add team", "content_type": 7, "codename": "add_team"}}, {"model": "auth.permission", "pk": 20, "fields": {"name": "Can change team", "content_type": 7, "codename": "change_team"}}, {"model": "auth.permission", "pk": 21, "fields": {"name": "Can delete team", "content_type": 7, "codename": "delete_team"}}, {"model": "auth.permission", "pk": 22, "fields": {"name": "Can add fixture", "content_type": 8, "codename": "add_fixture"}}, {"model": "auth.permission", "pk": 23, "fields": {"name": "Can change fixture", "content_type": 8, "codename": "change_fixture"}}, {"model": "auth.permission", "pk": 24, "fields": {"name": "Can delete fixture", "content_type": 8, "codename": "delete_fixture"}}, {"model": "auth.permission", "pk": 25, "fields": {"name": "Can add result", "content_type": 9, "codename": "add_result"}}, {"model": "auth.permission", "pk": 26, "fields": {"name": "Can change result", "content_type": 9, "codename": "change_result"}}, {"model": "auth.permission", "pk": 27, "fields": {"name": "Can delete result", "content_type": 9, "codename": "delete_result"}}, {"model": "auth.permission", "pk": 28, "fields": {"name": "Can add user", "content_type": 10, "codename": "add_bettinguser"}}, {"model": "auth.permission", "pk": 29, "fields": {"name": "Can change user", "content_type": 10, "codename": "change_bettinguser"}}, {"model": "auth.permission", "pk": 30, "fields": {"name": "Can delete user", "content_type": 10, "codename": "delete_bettinguser"}}, {"model": "auth.permission", "pk": 31, "fields": {"name": "Can add bet", "content_type": 11, "codename": "add_bet"}}, {"model": "auth.permission", "pk": 32, "fields": {"name": "Can change bet", "content_type": 11, "codename": "change_bet"}}, {"model": "auth.permission", "pk": 33, "fields": {"name": "Can delete bet", "content_type": 11, "codename": "delete_bet"}}, {"model": "auth.permission", "pk": 34, "fields": {"name": "Can add win multiplier", "content_type": 12, "codename": "add_winmultiplier"}}, {"model": "auth.permission", "pk": 35, "fields": {"name": "Can change win multiplier", "content_type": 12, "codename": "change_winmultiplier"}}, {"model": "auth.permission", "pk": 36, "fields": {"name": "Can delete win multiplier", "content_type": 12, "codename": "delete_winmultiplier"}}, {"model": "auth.permission", "pk": 37, "fields": {"name": "Can add configuration", "content_type": 13, "codename": "add_configuration"}}, {"model": "auth.permission", "pk": 38, "fields": {"name": "Can change configuration", "content_type": 13, "codename": "change_configuration"}}, {"model": "auth.permission", "pk": 39, "fields": {"name": "Can delete configuration", "content_type": 13, "codename": "delete_configuration"}}, {"model": "auth.permission", "pk": 43, "fields": {"name": "Can add theme", "content_type": 15, "codename": "add_theme"}}, {"model": "auth.permission", "pk": 44, "fields": {"name": "Can change theme", "content_type": 15, "codename": "change_theme"}}, {"model": "auth.permission", "pk": 45, "fields": {"name": "Can delete theme", "content_type": 15, "codename": "delete_theme"}}, {"model": "auth.group", "pk": 1, "fields": {"name": "bet_group", "permissions": [31]}}, {"model": "auth.user", "pk": 1, "fields": {"password": "pbkdf2_sha256$24000$icGoLwqLm2SN$l/59+C87mpI8Kqgh0UvB5We4Lh9K9omAVXnTB6s0uUU=", "last_login": "2016-05-03T04:55:23.603Z", "is_superuser": true, "username": "admin", "first_name": "", "last_name": "", "email": "admin@iplvb.sap.com", "is_staff": true, "is_active": true, "date_joined": "2016-04-24T12:54:13.376Z", "groups": [], "user_permissions": []}}, {"model": "auth.user", "pk": 2, "fields": {"password": "pbkdf2_sha256$24000$1jYM52X4uxol$qlsXtSk9g40XJfJswpPnytkCBjhSoZb0jM4ECDCK97M=", "last_login": "2016-05-03T03:14:02.910Z", "is_superuser": false, "username": "lallu", "first_name": "Lallu", "last_name": "Anthoor", "email": "lallu.anthoor@sap.com", "is_staff": true, "is_active": true, "date_joined": "2016-04-24T13:10:54Z", "groups": [1], "user_permissions": [31]}}, {"model": "auth.user", "pk": 5, "fields": {"password": "pbkdf2_sha256$24000$MiOS83B5dG9m$UKYtFgNDR4BY5KJsWOErVjzv0dV5JaBVddtbH3v0940=", "last_login": "2016-05-03T03:14:16.300Z", "is_superuser": true, "username": "deepak", "first_name": "Deepak", "last_name": "K N", "email": "deepak.k.n@sap.com", "is_staff": true, "is_active": true, "date_joined": "2016-04-30T07:28:33Z", "groups": [], "user_permissions": [31, 32, 33, 28, 29, 30, 22, 23, 24, 25, 26, 27, 19, 20, 21]}}, {"model": "auth.user", "pk": 10, "fields": {"password": "pbkdf2_sha256$24000$lPBEokA7BSSf$RBe5c0E6zF6K3mQTlewboQzLncM7Y1ZLxG5H4V2ZQFA=", "last_login": "2016-05-03T04:59:11.049Z", "is_superuser": false, "username": "abhishek", "first_name": "Abhishek", "last_name": "Garg", "email": "abhishek.garg01@sap.com", "is_staff": false, "is_active": true, "date_joined": "2016-05-03T04:58:36.466Z", "groups": [], "user_permissions": []}}, {"model": "vb.bettinguser", "pk": 2, "fields": {"account_balance": 67869, "bet_admin": false, "groups": [1], "user_permissions": [31]}}, {"model": "vb.bettinguser", "pk": 5, "fields": {"account_balance": 0, "bet_admin": true, "groups": [], "user_permissions": [31, 32, 33, 28, 29, 30, 22, 23, 24, 25, 26, 27, 19, 20, 21]}}, {"model": "vb.bettinguser", "pk": 10, "fields": {"account_balance": 50000, "bet_admin": false, "groups": [], "user_permissions": []}}, {"model": "admin.logentry", "pk": 1, "fields": {"action_time": "2016-04-24T13:05:23.989Z", "user": 1, "content_type": 7, "object_id": "1", "object_repr": "Team object", "action_flag": 1, "change_message": "Added."}}, {"model": "admin.logentry", "pk": 2, "fields": {"action_time": "2016-04-24T13:05:34.037Z", "user": 1, "content_type": 7, "object_id": "2", "object_repr": "Team object", "action_flag": 1, "change_message": "Added."}}, {"model": "admin.logentry", "pk": 3, "fields": {"action_time": "2016-04-24T13:05:42.285Z", "user": 1, "content_type": 7, "object_id": "3", "object_repr": "Team object", "action_flag": 1, "change_message": "Added."}}, {"model": "admin.logentry", "pk": 4, "fields": {"action_time": "2016-04-24T13:06:14.267Z", "user": 1, "content_type": 7, "object_id": "4", "object_repr": "Team object", "action_flag": 1, "change_message": "Added."}}, {"model": "admin.logentry", "pk": 5, "fields": {"action_time": "2016-04-24T13:06:34.258Z", "user": 1, "content_type": 7, "object_id": "5", "object_repr": "Team object", "action_flag": 1, "change_message": "Added."}}, {"model": "admin.logentry", "pk": 6, "fields": {"action_time": "2016-04-24T13:08:42.400Z", "user": 1, "content_type": 7, "object_id": "6", "object_repr": "Kolkata Knight Riders", "action_flag": 1, "change_message": "Added."}}, {"model": "admin.logentry", "pk": 7, "fields": {"action_time": "2016-04-24T13:08:56.910Z", "user": 1, "content_type": 7, "object_id": "7", "object_repr": "Delhi Daredevils", "action_flag": 1, "change_message": "Added."}}, {"model": "admin.logentry", "pk": 8, "fields": {"action_time": "2016-04-24T13:10:16.420Z", "user": 1, "content_type": 7, "object_id": "8", "object_repr": "Kings XI Punjab", "action_flag": 1, "change_message": "Added."}}, {"model": "admin.logentry", "pk": 9, "fields": {"action_time": "2016-04-24T13:12:39.964Z", "user": 1, "content_type": 10, "object_id": "2", "object_repr": "lallu", "action_flag": 1, "change_message": "Added."}}, {"model": "admin.logentry", "pk": 10, "fields": {"action_time": "2016-04-24T13:19:52.425Z", "user": 1, "content_type": 8, "object_id": "1", "object_repr": "Gujarat Lions vs Royal Challengers Bangalore on 2016-04-24 at 16:00:00", "action_flag": 1, "change_message": "Added."}}, {"model": "admin.logentry", "pk": 11, "fields": {"action_time": "2016-04-24T13:21:16.051Z", "user": 1, "content_type": 11, "object_id": "1", "object_repr": "Lallu Anthoor bet 5000 on match Gujarat Lions vs Royal Challengers Bangalore on 2016-04-24 at 16:00:00", "action_flag": 1, "change_message": "Added."}}, {"model": "admin.logentry", "pk": 12, "fields": {"action_time": "2016-04-24T13:25:33.786Z", "user": 1, "content_type": 3, "object_id": "1", "object_repr": "bet_group", "action_flag": 1, "change_message": "Added."}}, {"model": "admin.logentry", "pk": 13, "fields": {"action_time": "2016-04-24T13:25:54.325Z", "user": 1, "content_type": 10, "object_id": "2", "object_repr": "lallu", "action_flag": 2, "change_message": "Changed groups."}}, {"model": "admin.logentry", "pk": 14, "fields": {"action_time": "2016-04-24T13:26:59.043Z", "user": 1, "content_type": 4, "object_id": "2", "object_repr": "lallu", "action_flag": 2, "change_message": "Changed password."}}, {"model": "admin.logentry", "pk": 15, "fields": {"action_time": "2016-04-24T13:27:48.611Z", "user": 1, "content_type": 10, "object_id": "2", "object_repr": "lallu", "action_flag": 2, "change_message": "Changed is_staff."}}, {"model": "admin.logentry", "pk": 16, "fields": {"action_time": "2016-04-24T14:22:06.865Z", "user": 1, "content_type": 10, "object_id": "3", "object_repr": "abhishek", "action_flag": 1, "change_message": "Added."}}, {"model": "admin.logentry", "pk": 17, "fields": {"action_time": "2016-04-24T14:22:34.885Z", "user": 1, "content_type": 10, "object_id": "4", "object_repr": "suraj", "action_flag": 1, "change_message": "Added."}}, {"model": "admin.logentry", "pk": 18, "fields": {"action_time": "2016-04-28T05:26:32.773Z", "user": 1, "content_type": 11, "object_id": "1", "object_repr": "Lallu Anthoor bet 5000 on match Gujarat Lions vs Royal Challengers Bangalore on 2016-04-24 at 16:00:00", "action_flag": 3, "change_message": ""}}, {"model": "admin.logentry", "pk": 19, "fields": {"action_time": "2016-04-28T05:29:30.988Z", "user": 1, "content_type": 11, "object_id": "1", "object_repr": "Lallu Anthoor bet 5000 on match Gujarat Lions vs Royal Challengers Bangalore on 2016-04-24 at 16:00:00", "action_flag": 1, "change_message": "Added."}}, {"model": "admin.logentry", "pk": 20, "fields": {"action_time": "2016-04-29T09:59:10.634Z", "user": 1, "content_type": 8, "object_id": "1", "object_repr": "Gujarat Lions vs Royal Challengers Bangalore on 2016-04-24 at 16:00:00", "action_flag": 3, "change_message": ""}}, {"model": "admin.logentry", "pk": 21, "fields": {"action_time": "2016-04-29T10:09:03.221Z", "user": 1, "content_type": 8, "object_id": "1", "object_repr": "Match 1 : RCB vs MI", "action_flag": 1, "change_message": "Added."}}, {"model": "admin.logentry", "pk": 22, "fields": {"action_time": "2016-04-29T10:09:44.994Z", "user": 1, "content_type": 11, "object_id": "2", "object_repr": "Lallu Anthoor bet 5000 on match Match 1 : RCB vs MI", "action_flag": 1, "change_message": "Added."}}, {"model": "admin.logentry", "pk": 23, "fields": {"action_time": "2016-04-30T06:10:48.842Z", "user": 1, "content_type": 11, "object_id": "7", "object_repr": "Lallu Anthoor bet 12345 on Match 1 : RCB vs MI", "action_flag": 3, "change_message": ""}}, {"model": "admin.logentry", "pk": 24, "fields": {"action_time": "2016-04-30T06:10:48.846Z", "user": 1, "content_type": 11, "object_id": "6", "object_repr": "Lallu Anthoor bet 1999 on Match 1 : RCB vs MI", "action_flag": 3, "change_message": ""}}, {"model": "admin.logentry", "pk": 25, "fields": {"action_time": "2016-04-30T06:10:48.851Z", "user": 1, "content_type": 11, "object_id": "5", "object_repr": "Lallu Anthoor bet 15000 on Match 1 : RCB vs MI", "action_flag": 3, "change_message": ""}}, {"model": "admin.logentry", "pk": 26, "fields": {"action_time": "2016-04-30T06:10:48.855Z", "user": 1, "content_type": 11, "object_id": "4", "object_repr": "Lallu Anthoor bet 100 on Match 1 : RCB vs MI", "action_flag": 3, "change_message": ""}}, {"model": "admin.logentry", "pk": 27, "fields": {"action_time": "2016-04-30T06:10:48.862Z", "user": 1, "content_type": 11, "object_id": "3", "object_repr": "Lallu Anthoor bet 100 on Match 1 : RCB vs MI", "action_flag": 3, "change_message": ""}}, {"model": "admin.logentry", "pk": 28, "fields": {"action_time": "2016-04-30T06:10:48.867Z", "user": 1, "content_type": 11, "object_id": "2", "object_repr": "Lallu Anthoor bet 5000 on Match 1 : RCB vs MI", "action_flag": 3, "change_message": ""}}, {"model": "admin.logentry", "pk": 29, "fields": {"action_time": "2016-04-30T06:11:06.343Z", "user": 1, "content_type": 10, "object_id": "2", "object_repr": "lallu", "action_flag": 2, "change_message": "Changed account_balance."}}, {"model": "admin.logentry", "pk": 30, "fields": {"action_time": "2016-04-30T06:15:35.079Z", "user": 1, "content_type": 11, "object_id": "9", "object_repr": "Lallu Anthoor bet 54321 on Match 1 : RCB vs MI", "action_flag": 3, "change_message": ""}}, {"model": "admin.logentry", "pk": 31, "fields": {"action_time": "2016-04-30T06:15:35.083Z", "user": 1, "content_type": 11, "object_id": "8", "object_repr": "Lallu Anthoor bet 12345 on Match 1 : RCB vs MI", "action_flag": 3, "change_message": ""}}, {"model": "admin.logentry", "pk": 32, "fields": {"action_time": "2016-04-30T06:15:50.530Z", "user": 1, "content_type": 10, "object_id": "2", "object_repr": "lallu", "action_flag": 2, "change_message": "Changed account_balance."}}, {"model": "admin.logentry", "pk": 33, "fields": {"action_time": "2016-04-30T07:29:25.587Z", "user": 1, "content_type": 10, "object_id": "5", "object_repr": "deepak", "action_flag": 1, "change_message": "Added."}}, {"model": "admin.logentry", "pk": 34, "fields": {"action_time": "2016-04-30T07:29:53.308Z", "user": 1, "content_type": 4, "object_id": "5", "object_repr": "deepak", "action_flag": 2, "change_message": "Changed password."}}, {"model": "admin.logentry", "pk": 35, "fields": {"action_time": "2016-04-30T10:00:47.919Z", "user": 1, "content_type": 10, "object_id": "5", "object_repr": "deepak", "action_flag": 2, "change_message": "Changed bet_admin."}}, {"model": "admin.logentry", "pk": 36, "fields": {"action_time": "2016-04-30T14:24:24.198Z", "user": 1, "content_type": 9, "object_id": "18", "object_repr": "Match 1 : RCB vs MI won by Mumbai Indians", "action_flag": 3, "change_message": ""}}, {"model": "admin.logentry", "pk": 37, "fields": {"action_time": "2016-04-30T14:24:24.202Z", "user": 1, "content_type": 9, "object_id": "17", "object_repr": "Match 1 : RCB vs MI won by Mumbai Indians", "action_flag": 3, "change_message": ""}}, {"model": "admin.logentry", "pk": 38, "fields": {"action_time": "2016-04-30T14:24:24.207Z", "user": 1, "content_type": 9, "object_id": "16", "object_repr": "Match 1 : RCB vs MI won by Mumbai Indians", "action_flag": 3, "change_message": ""}}, {"model": "admin.logentry", "pk": 39, "fields": {"action_time": "2016-04-30T14:24:24.211Z", "user": 1, "content_type": 9, "object_id": "15", "object_repr": "Match 1 : RCB vs MI won by Mumbai Indians", "action_flag": 3, "change_message": ""}}, {"model": "admin.logentry", "pk": 40, "fields": {"action_time": "2016-04-30T14:24:24.215Z", "user": 1, "content_type": 9, "object_id": "14", "object_repr": "Match 1 : RCB vs MI won by Mumbai Indians", "action_flag": 3, "change_message": ""}}, {"model": "admin.logentry", "pk": 41, "fields": {"action_time": "2016-04-30T14:24:24.220Z", "user": 1, "content_type": 9, "object_id": "13", "object_repr": "Match 1 : RCB vs MI won by Mumbai Indians", "action_flag": 3, "change_message": ""}}, {"model": "admin.logentry", "pk": 42, "fields": {"action_time": "2016-04-30T14:24:24.224Z", "user": 1, "content_type": 9, "object_id": "12", "object_repr": "Match 1 : RCB vs MI won by Mumbai Indians", "action_flag": 3, "change_message": ""}}, {"model": "admin.logentry", "pk": 43, "fields": {"action_time": "2016-04-30T14:24:24.228Z", "user": 1, "content_type": 9, "object_id": "11", "object_repr": "Match 1 : RCB vs MI won by Mumbai Indians", "action_flag": 3, "change_message": ""}}, {"model": "admin.logentry", "pk": 44, "fields": {"action_time": "2016-04-30T14:24:24.232Z", "user": 1, "content_type": 9, "object_id": "10", "object_repr": "Match 1 : RCB vs MI won by Mumbai Indians", "action_flag": 3, "change_message": ""}}, {"model": "admin.logentry", "pk": 45, "fields": {"action_time": "2016-04-30T14:24:24.236Z", "user": 1, "content_type": 9, "object_id": "9", "object_repr": "Match 1 : RCB vs MI won by Mumbai Indians", "action_flag": 3, "change_message": ""}}, {"model": "admin.logentry", "pk": 46, "fields": {"action_time": "2016-04-30T14:24:24.241Z", "user": 1, "content_type": 9, "object_id": "8", "object_repr": "Match 1 : RCB vs MI won by Mumbai Indians", "action_flag": 3, "change_message": ""}}, {"model": "admin.logentry", "pk": 47, "fields": {"action_time": "2016-04-30T14:24:24.245Z", "user": 1, "content_type": 9, "object_id": "7", "object_repr": "Match 1 : RCB vs MI won by Mumbai Indians", "action_flag": 3, "change_message": ""}}, {"model": "admin.logentry", "pk": 48, "fields": {"action_time": "2016-04-30T14:24:24.249Z", "user": 1, "content_type": 9, "object_id": "6", "object_repr": "Match 1 : RCB vs MI won by Mumbai Indians", "action_flag": 3, "change_message": ""}}, {"model": "admin.logentry", "pk": 49, "fields": {"action_time": "2016-04-30T14:24:24.254Z", "user": 1, "content_type": 9, "object_id": "5", "object_repr": "Match 1 : RCB vs MI won by Mumbai Indians", "action_flag": 3, "change_message": ""}}, {"model": "admin.logentry", "pk": 50, "fields": {"action_time": "2016-04-30T14:24:24.259Z", "user": 1, "content_type": 9, "object_id": "4", "object_repr": "Match 1 : RCB vs MI won by Mumbai Indians", "action_flag": 3, "change_message": ""}}, {"model": "admin.logentry", "pk": 51, "fields": {"action_time": "2016-04-30T14:24:24.263Z", "user": 1, "content_type": 9, "object_id": "3", "object_repr": "Match 1 : RCB vs MI won by Mumbai Indians", "action_flag": 3, "change_message": ""}}, {"model": "admin.logentry", "pk": 52, "fields": {"action_time": "2016-04-30T14:24:24.267Z", "user": 1, "content_type": 9, "object_id": "2", "object_repr": "Match 1 : RCB vs MI won by Mumbai Indians", "action_flag": 3, "change_message": ""}}, {"model": "admin.logentry", "pk": 53, "fields": {"action_time": "2016-04-30T14:24:24.271Z", "user": 1, "content_type": 9, "object_id": "1", "object_repr": "Match 1 : RCB vs MI won by Royal Challengers Bangalore", "action_flag": 3, "change_message": ""}}, {"model": "admin.logentry", "pk": 54, "fields": {"action_time": "2016-04-30T14:40:50.408Z", "user": 1, "content_type": 9, "object_id": "1", "object_repr": "Match 1 : RCB vs MI won by Royal Challengers Bangalore", "action_flag": 3, "change_message": ""}}, {"model": "admin.logentry", "pk": 55, "fields": {"action_time": "2016-04-30T14:42:44.673Z", "user": 1, "content_type": 9, "object_id": "2", "object_repr": "Match 1 : RCB vs MI won by Royal Challengers Bangalore", "action_flag": 3, "change_message": ""}}, {"model": "admin.logentry", "pk": 56, "fields": {"action_time": "2016-04-30T14:45:58.507Z", "user": 1, "content_type": 9, "object_id": "3", "object_repr": "Match 1 : RCB vs MI won by Royal Challengers Bangalore", "action_flag": 3, "change_message": ""}}, {"model": "admin.logentry", "pk": 57, "fields": {"action_time": "2016-04-30T14:49:29.333Z", "user": 1, "content_type": 9, "object_id": "4", "object_repr": "Match 1 : RCB vs MI won by Royal Challengers Bangalore", "action_flag": 3, "change_message": ""}}, {"model": "admin.logentry", "pk": 58, "fields": {"action_time": "2016-04-30T14:50:43.301Z", "user": 1, "content_type": 8, "object_id": "1", "object_repr": "Match 1 : RCB vs MI", "action_flag": 3, "change_message": ""}}, {"model": "admin.logentry", "pk": 59, "fields": {"action_time": "2016-04-30T14:52:01.246Z", "user": 1, "content_type": 8, "object_id": "2", "object_repr": "Match 1 : RCB vs MI", "action_flag": 1, "change_message": "Added."}}, {"model": "admin.logentry", "pk": 60, "fields": {"action_time": "2016-04-30T14:52:22.654Z", "user": 1, "content_type": 8, "object_id": "3", "object_repr": "Match 2 : RCB vs GL", "action_flag": 1, "change_message": "Added."}}, {"model": "admin.logentry", "pk": 61, "fields": {"action_time": "2016-04-30T14:53:59.131Z", "user": 1, "content_type": 4, "object_id": "4", "object_repr": "suraj", "action_flag": 2, "change_message": "Changed password."}}, {"model": "admin.logentry", "pk": 62, "fields": {"action_time": "2016-04-30T14:54:14.671Z", "user": 1, "content_type": 4, "object_id": "3", "object_repr": "abhishek", "action_flag": 2, "change_message": "Changed password."}}, {"model": "admin.logentry", "pk": 63, "fields": {"action_time": "2016-04-30T14:58:42.544Z", "user": 1, "content_type": 9, "object_id": "7", "object_repr": "Match 2 : RCB vs GL won by Gujarat Lions", "action_flag": 3, "change_message": ""}}, {"model": "admin.logentry", "pk": 64, "fields": {"action_time": "2016-04-30T15:00:53.466Z", "user": 1, "content_type": 9, "object_id": "8", "object_repr": "Match 2 : RCB vs GL won by Gujarat Lions", "action_flag": 3, "change_message": ""}}, {"model": "admin.logentry", "pk": 65, "fields": {"action_time": "2016-04-30T15:02:07.530Z", "user": 1, "content_type": 9, "object_id": "9", "object_repr": "Match 2 : RCB vs GL won by Gujarat Lions", "action_flag": 3, "change_message": ""}}, {"model": "admin.logentry", "pk": 66, "fields": {"action_time": "2016-04-30T15:02:07.533Z", "user": 1, "content_type": 9, "object_id": "6", "object_repr": "Match 1 : RCB vs MI won by Royal Challengers Bangalore", "action_flag": 3, "change_message": ""}}, {"model": "admin.logentry", "pk": 67, "fields": {"action_time": "2016-04-30T15:04:22.677Z", "user": 1, "content_type": 9, "object_id": "11", "object_repr": "Match 2 : RCB vs GL won by Royal Challengers Bangalore", "action_flag": 3, "change_message": ""}}, {"model": "admin.logentry", "pk": 68, "fields": {"action_time": "2016-04-30T15:04:22.681Z", "user": 1, "content_type": 9, "object_id": "10", "object_repr": "Match 1 : RCB vs MI won by Royal Challengers Bangalore", "action_flag": 3, "change_message": ""}}, {"model": "admin.logentry", "pk": 69, "fields": {"action_time": "2016-04-30T15:05:38.007Z", "user": 1, "content_type": 9, "object_id": "13", "object_repr": "Match 1 : RCB vs MI won by Royal Challengers Bangalore", "action_flag": 3, "change_message": ""}}, {"model": "admin.logentry", "pk": 70, "fields": {"action_time": "2016-04-30T15:05:38.010Z", "user": 1, "content_type": 9, "object_id": "12", "object_repr": "Match 2 : RCB vs GL won by Royal Challengers Bangalore", "action_flag": 3, "change_message": ""}}, {"model": "admin.logentry", "pk": 71, "fields": {"action_time": "2016-04-30T17:12:37.722Z", "user": 1, "content_type": 10, "object_id": "6", "object_repr": "astha", "action_flag": 1, "change_message": "Added."}}, {"model": "admin.logentry", "pk": 72, "fields": {"action_time": "2016-04-30T17:13:24.932Z", "user": 1, "content_type": 10, "object_id": "7", "object_repr": "manan", "action_flag": 1, "change_message": "Added."}}, {"model": "admin.logentry", "pk": 73, "fields": {"action_time": "2016-04-30T17:13:56.389Z", "user": 1, "content_type": 10, "object_id": "7", "object_repr": "manan", "action_flag": 3, "change_message": ""}}, {"model": "admin.logentry", "pk": 74, "fields": {"action_time": "2016-04-30T17:13:56.393Z", "user": 1, "content_type": 10, "object_id": "6", "object_repr": "astha", "action_flag": 3, "change_message": ""}}, {"model": "admin.logentry", "pk": 75, "fields": {"action_time": "2016-04-30T17:13:56.397Z", "user": 1, "content_type": 10, "object_id": "4", "object_repr": "suraj", "action_flag": 3, "change_message": ""}}, {"model": "admin.logentry", "pk": 76, "fields": {"action_time": "2016-04-30T17:13:56.402Z", "user": 1, "content_type": 10, "object_id": "3", "object_repr": "abhishek", "action_flag": 3, "change_message": ""}}, {"model": "admin.logentry", "pk": 77, "fields": {"action_time": "2016-04-30T17:14:46.877Z", "user": 1, "content_type": 8, "object_id": "3", "object_repr": "Match 2 : RCB vs GL", "action_flag": 3, "change_message": ""}}, {"model": "admin.logentry", "pk": 78, "fields": {"action_time": "2016-04-30T17:14:46.881Z", "user": 1, "content_type": 8, "object_id": "2", "object_repr": "Match 1 : RCB vs MI", "action_flag": 3, "change_message": ""}}, {"model": "admin.logentry", "pk": 79, "fields": {"action_time": "2016-04-30T17:15:46.389Z", "user": 1, "content_type": 8, "object_id": "4", "object_repr": "Match 1 : MI vs RPS", "action_flag": 1, "change_message": "Added."}}, {"model": "admin.logentry", "pk": 80, "fields": {"action_time": "2016-04-30T17:16:15.542Z", "user": 1, "content_type": 8, "object_id": "5", "object_repr": "Match 2 : KKR vs DD", "action_flag": 1, "change_message": "Added."}}, {"model": "admin.logentry", "pk": 81, "fields": {"action_time": "2016-04-30T17:16:50.879Z", "user": 1, "content_type": 8, "object_id": "6", "object_repr": "Match 3 : KXI vs GL", "action_flag": 1, "change_message": "Added."}}, {"model": "admin.logentry", "pk": 82, "fields": {"action_time": "2016-04-30T17:17:29.707Z", "user": 1, "content_type": 8, "object_id": "7", "object_repr": "Match 4 : RCB vs SRH", "action_flag": 1, "change_message": "Added."}}, {"model": "admin.logentry", "pk": 83, "fields": {"action_time": "2016-04-30T17:17:49.012Z", "user": 1, "content_type": 8, "object_id": "8", "object_repr": "Match 5 : KKR vs MI", "action_flag": 1, "change_message": "Added."}}, {"model": "admin.logentry", "pk": 84, "fields": {"action_time": "2016-04-30T17:19:19.624Z", "user": 1, "content_type": 8, "object_id": "9", "object_repr": "Match 6 : GL vs RPS", "action_flag": 1, "change_message": "Added."}}, {"model": "admin.logentry", "pk": 85, "fields": {"action_time": "2016-04-30T17:19:48.529Z", "user": 1, "content_type": 8, "object_id": "10", "object_repr": "Match 7 : DD vs KXI", "action_flag": 1, "change_message": "Added."}}, {"model": "admin.logentry", "pk": 86, "fields": {"action_time": "2016-04-30T17:20:16.417Z", "user": 1, "content_type": 8, "object_id": "11", "object_repr": "Match 8 : SRH vs KKR", "action_flag": 1, "change_message": "Added."}}, {"model": "admin.logentry", "pk": 87, "fields": {"action_time": "2016-04-30T17:20:33.471Z", "user": 1, "content_type": 8, "object_id": "12", "object_repr": "Match 9 : MI vs GL", "action_flag": 1, "change_message": "Added."}}, {"model": "admin.logentry", "pk": 88, "fields": {"action_time": "2016-04-30T17:21:34.225Z", "user": 1, "content_type": 8, "object_id": "13", "object_repr": "Match 10 : KXI vs RPS", "action_flag": 1, "change_message": "Added."}}, {"model": "admin.logentry", "pk": 89, "fields": {"action_time": "2016-04-30T17:21:56.619Z", "user": 1, "content_type": 8, "object_id": "14", "object_repr": "Match 11 : RCB vs DD", "action_flag": 1, "change_message": "Added."}}, {"model": "admin.logentry", "pk": 90, "fields": {"action_time": "2016-04-30T17:23:21.020Z", "user": 1, "content_type": 8, "object_id": "15", "object_repr": "Match 12 : SRH vs MI", "action_flag": 1, "change_message": "Added."}}, {"model": "admin.logentry", "pk": 91, "fields": {"action_time": "2016-04-30T17:23:37.242Z", "user": 1, "content_type": 8, "object_id": "16", "object_repr": "Match 13 : KXI vs KKR", "action_flag": 1, "change_message": "Added."}}, {"model": "admin.logentry", "pk": 92, "fields": {"action_time": "2016-04-30T17:24:01.494Z", "user": 1, "content_type": 8, "object_id": "17", "object_repr": "Match 14 : MI vs RCB", "action_flag": 1, "change_message": "Added."}}, {"model": "admin.logentry", "pk": 93, "fields": {"action_time": "2016-04-30T17:24:26.234Z", "user": 1, "content_type": 8, "object_id": "18", "object_repr": "Match 15 : GL vs SRH", "action_flag": 1, "change_message": "Added."}}, {"model": "admin.logentry", "pk": 94, "fields": {"action_time": "2016-04-30T17:25:40.347Z", "user": 1, "content_type": 8, "object_id": "19", "object_repr": "Match 16 : RPS vs RCB", "action_flag": 1, "change_message": "Added."}}, {"model": "admin.logentry", "pk": 95, "fields": {"action_time": "2016-04-30T17:26:20.215Z", "user": 1, "content_type": 8, "object_id": "20", "object_repr": "Match 17 : DD vs MI", "action_flag": 1, "change_message": "Added."}}, {"model": "admin.logentry", "pk": 96, "fields": {"action_time": "2016-04-30T17:26:53.193Z", "user": 1, "content_type": 8, "object_id": "21", "object_repr": "Match 18 : SRH vs KXI", "action_flag": 1, "change_message": "Added."}}, {"model": "admin.logentry", "pk": 97, "fields": {"action_time": "2016-04-30T17:27:21.995Z", "user": 1, "content_type": 8, "object_id": "22", "object_repr": "Match 19 : GL vs RCB", "action_flag": 1, "change_message": "Added."}}, {"model": "admin.logentry", "pk": 98, "fields": {"action_time": "2016-04-30T17:27:46.014Z", "user": 1, "content_type": 8, "object_id": "23", "object_repr": "Match 20 : RPS vs KKR", "action_flag": 1, "change_message": "Added."}}, {"model": "admin.logentry", "pk": 99, "fields": {"action_time": "2016-04-30T17:28:38.897Z", "user": 1, "content_type": 8, "object_id": "24", "object_repr": "Match 21 : KXI vs MI", "action_flag": 1, "change_message": "Added."}}, {"model": "admin.logentry", "pk": 100, "fields": {"action_time": "2016-04-30T17:29:04.597Z", "user": 1, "content_type": 8, "object_id": "25", "object_repr": "Match 22 : SRH vs RPS", "action_flag": 1, "change_message": "Added."}}, {"model": "admin.logentry", "pk": 101, "fields": {"action_time": "2016-04-30T17:29:24.839Z", "user": 1, "content_type": 8, "object_id": "26", "object_repr": "Match 23 : DD vs GL", "action_flag": 1, "change_message": "Added."}}, {"model": "admin.logentry", "pk": 102, "fields": {"action_time": "2016-04-30T17:29:50.097Z", "user": 1, "content_type": 8, "object_id": "27", "object_repr": "Match 24 : MI vs KKR", "action_flag": 1, "change_message": "Added."}}, {"model": "admin.logentry", "pk": 103, "fields": {"action_time": "2016-04-30T17:30:21.416Z", "user": 1, "content_type": 8, "object_id": "28", "object_repr": "Match 25 : RPS vs GL", "action_flag": 1, "change_message": "Added."}}, {"model": "admin.logentry", "pk": 104, "fields": {"action_time": "2016-04-30T17:31:03.506Z", "user": 1, "content_type": 8, "object_id": "29", "object_repr": "Match 26 : DD vs KKR", "action_flag": 1, "change_message": "Added."}}, {"model": "admin.logentry", "pk": 105, "fields": {"action_time": "2016-04-30T17:31:24.614Z", "user": 1, "content_type": 8, "object_id": "30", "object_repr": "Match 27 : SRH vs RCB", "action_flag": 1, "change_message": "Added."}}, {"model": "admin.logentry", "pk": 106, "fields": {"action_time": "2016-04-30T17:32:29.881Z", "user": 1, "content_type": 8, "object_id": "31", "object_repr": "Match 28 : GL vs KXI", "action_flag": 1, "change_message": "Added."}}, {"model": "admin.logentry", "pk": 107, "fields": {"action_time": "2016-04-30T17:33:04.398Z", "user": 1, "content_type": 8, "object_id": "32", "object_repr": "Match 29 : RPS vs MI", "action_flag": 1, "change_message": "Added."}}, {"model": "admin.logentry", "pk": 108, "fields": {"action_time": "2016-04-30T17:33:41.576Z", "user": 1, "content_type": 8, "object_id": "33", "object_repr": "Match 30 : RCB vs KKR", "action_flag": 1, "change_message": "Added."}}, {"model": "admin.logentry", "pk": 109, "fields": {"action_time": "2016-04-30T17:34:09.027Z", "user": 1, "content_type": 8, "object_id": "34", "object_repr": "Match 31 : GL vs DD", "action_flag": 1, "change_message": "Added."}}, {"model": "admin.logentry", "pk": 110, "fields": {"action_time": "2016-04-30T17:34:44.883Z", "user": 1, "content_type": 8, "object_id": "35", "object_repr": "Match 32 : KKR vs KXI", "action_flag": 1, "change_message": "Added."}}, {"model": "admin.logentry", "pk": 111, "fields": {"action_time": "2016-04-30T17:35:18.240Z", "user": 1, "content_type": 8, "object_id": "36", "object_repr": "Match 33 : DD vs RPS", "action_flag": 1, "change_message": "Added."}}, {"model": "admin.logentry", "pk": 112, "fields": {"action_time": "2016-04-30T17:36:16.967Z", "user": 1, "content_type": 8, "object_id": "37", "object_repr": "Match 34 : SRH vs GL", "action_flag": 1, "change_message": "Added."}}, {"model": "admin.logentry", "pk": 113, "fields": {"action_time": "2016-04-30T17:36:44.912Z", "user": 1, "content_type": 8, "object_id": "38", "object_repr": "Match 35 : RCB vs RPS", "action_flag": 1, "change_message": "Added."}}, {"model": "admin.logentry", "pk": 114, "fields": {"action_time": "2016-04-30T17:37:06.698Z", "user": 1, "content_type": 8, "object_id": "39", "object_repr": "Match 36 : KXI vs DD", "action_flag": 1, "change_message": "Added."}}, {"model": "admin.logentry", "pk": 115, "fields": {"action_time": "2016-04-30T17:37:29.066Z", "user": 1, "content_type": 8, "object_id": "40", "object_repr": "Match 37 : MI vs SRH", "action_flag": 1, "change_message": "Added."}}, {"model": "admin.logentry", "pk": 116, "fields": {"action_time": "2016-04-30T17:37:48.660Z", "user": 1, "content_type": 8, "object_id": "41", "object_repr": "Match 38 : KKR vs GL", "action_flag": 1, "change_message": "Added."}}, {"model": "admin.logentry", "pk": 117, "fields": {"action_time": "2016-04-30T17:38:14.272Z", "user": 1, "content_type": 8, "object_id": "42", "object_repr": "Match 39 : KXI vs RCB", "action_flag": 1, "change_message": "Added."}}, {"model": "admin.logentry", "pk": 118, "fields": {"action_time": "2016-04-30T17:38:35.546Z", "user": 1, "content_type": 8, "object_id": "43", "object_repr": "Match 40 : RPS vs SRH", "action_flag": 1, "change_message": "Added."}}, {"model": "admin.logentry", "pk": 119, "fields": {"action_time": "2016-04-30T17:39:21.834Z", "user": 1, "content_type": 8, "object_id": "44", "object_repr": "Match 41 : RCB vs MI", "action_flag": 1, "change_message": "Added."}}, {"model": "admin.logentry", "pk": 120, "fields": {"action_time": "2016-04-30T17:39:47.698Z", "user": 1, "content_type": 8, "object_id": "45", "object_repr": "Match 42 : SRH vs DD", "action_flag": 1, "change_message": "Added."}}, {"model": "admin.logentry", "pk": 121, "fields": {"action_time": "2016-04-30T17:40:21.531Z", "user": 1, "content_type": 8, "object_id": "46", "object_repr": "Match 43 : MI vs KXI", "action_flag": 1, "change_message": "Added."}}, {"model": "admin.logentry", "pk": 122, "fields": {"action_time": "2016-04-30T17:40:45.210Z", "user": 1, "content_type": 8, "object_id": "47", "object_repr": "Match 44 : RCB vs GL", "action_flag": 1, "change_message": "Added."}}, {"model": "admin.logentry", "pk": 123, "fields": {"action_time": "2016-04-30T17:41:04.946Z", "user": 1, "content_type": 8, "object_id": "48", "object_repr": "Match 45 : KKR vs RPS", "action_flag": 1, "change_message": "Added."}}, {"model": "admin.logentry", "pk": 124, "fields": {"action_time": "2016-04-30T17:41:28.547Z", "user": 1, "content_type": 8, "object_id": "49", "object_repr": "Match 46 : MI vs DD", "action_flag": 1, "change_message": "Added."}}, {"model": "admin.logentry", "pk": 125, "fields": {"action_time": "2016-04-30T17:41:54.220Z", "user": 1, "content_type": 8, "object_id": "50", "object_repr": "Match 47 : KXI vs SRH", "action_flag": 1, "change_message": "Added."}}, {"model": "admin.logentry", "pk": 126, "fields": {"action_time": "2016-04-30T17:42:43.470Z", "user": 1, "content_type": 8, "object_id": "51", "object_repr": "Match 48 : KKR vs RCB", "action_flag": 1, "change_message": "Added."}}, {"model": "admin.logentry", "pk": 127, "fields": {"action_time": "2016-04-30T17:43:03.048Z", "user": 1, "content_type": 8, "object_id": "52", "object_repr": "Match 49 : RPS vs DD", "action_flag": 1, "change_message": "Added."}}, {"model": "admin.logentry", "pk": 128, "fields": {"action_time": "2016-04-30T17:43:28.517Z", "user": 1, "content_type": 8, "object_id": "53", "object_repr": "Match 50 : RCB vs KXI", "action_flag": 1, "change_message": "Added."}}, {"model": "admin.logentry", "pk": 129, "fields": {"action_time": "2016-04-30T17:43:49.421Z", "user": 1, "content_type": 8, "object_id": "54", "object_repr": "Match 51 : GL vs KKR", "action_flag": 1, "change_message": "Added."}}, {"model": "admin.logentry", "pk": 130, "fields": {"action_time": "2016-04-30T17:44:25.076Z", "user": 1, "content_type": 8, "object_id": "55", "object_repr": "Match 52 : DD vs SRH", "action_flag": 1, "change_message": "Added."}}, {"model": "admin.logentry", "pk": 131, "fields": {"action_time": "2016-04-30T17:44:47.028Z", "user": 1, "content_type": 8, "object_id": "56", "object_repr": "Match 53 : RPS vs KXI", "action_flag": 1, "change_message": "Added."}}, {"model": "admin.logentry", "pk": 132, "fields": {"action_time": "2016-04-30T17:45:08.829Z", "user": 1, "content_type": 8, "object_id": "57", "object_repr": "Match 54 : GL vs MI", "action_flag": 1, "change_message": "Added."}}, {"model": "admin.logentry", "pk": 133, "fields": {"action_time": "2016-04-30T17:45:32.614Z", "user": 1, "content_type": 8, "object_id": "58", "object_repr": "Match 55 : KKR vs SRH", "action_flag": 1, "change_message": "Added."}}, {"model": "admin.logentry", "pk": 134, "fields": {"action_time": "2016-04-30T17:45:52.498Z", "user": 1, "content_type": 8, "object_id": "59", "object_repr": "Match 56 : DD vs RCB", "action_flag": 1, "change_message": "Added."}}, {"model": "admin.logentry", "pk": 135, "fields": {"action_time": "2016-05-02T18:44:51.154Z", "user": 1, "content_type": 15, "object_id": "1", "object_repr": "Theme object", "action_flag": 1, "change_message": "Added."}}, {"model": "admin.logentry", "pk": 136, "fields": {"action_time": "2016-05-02T18:44:56.445Z", "user": 1, "content_type": 15, "object_id": "2", "object_repr": "Theme object", "action_flag": 1, "change_message": "Added."}}, {"model": "admin.logentry", "pk": 137, "fields": {"action_time": "2016-05-02T18:45:06.877Z", "user": 1, "content_type": 15, "object_id": "3", "object_repr": "Theme object", "action_flag": 1, "change_message": "Added."}}, {"model": "admin.logentry", "pk": 138, "fields": {"action_time": "2016-05-02T18:45:10.018Z", "user": 1, "content_type": 15, "object_id": "4", "object_repr": "Theme object", "action_flag": 1, "change_message": "Added."}}, {"model": "admin.logentry", "pk": 139, "fields": {"action_time": "2016-05-02T18:45:12.666Z", "user": 1, "content_type": 15, "object_id": "5", "object_repr": "Theme object", "action_flag": 1, "change_message": "Added."}}, {"model": "admin.logentry", "pk": 140, "fields": {"action_time": "2016-05-02T18:45:22.927Z", "user": 1, "content_type": 15, "object_id": "6", "object_repr": "Theme object", "action_flag": 1, "change_message": "Added."}}, {"model": "admin.logentry", "pk": 141, "fields": {"action_time": "2016-05-02T18:45:26.197Z", "user": 1, "content_type": 15, "object_id": "7", "object_repr": "Theme object", "action_flag": 1, "change_message": "Added."}}, {"model": "admin.logentry", "pk": 142, "fields": {"action_time": "2016-05-02T18:45:29.143Z", "user": 1, "content_type": 15, "object_id": "8", "object_repr": "Theme object", "action_flag": 1, "change_message": "Added."}}, {"model": "admin.logentry", "pk": 143, "fields": {"action_time": "2016-05-02T18:46:32.500Z", "user": 1, "content_type": 15, "object_id": "9", "object_repr": "lumen", "action_flag": 1, "change_message": "Added."}}, {"model": "admin.logentry", "pk": 144, "fields": {"action_time": "2016-05-02T18:46:40.754Z", "user": 1, "content_type": 15, "object_id": "10", "object_repr": "readable", "action_flag": 1, "change_message": "Added."}}, {"model": "admin.logentry", "pk": 145, "fields": {"action_time": "2016-05-02T18:46:45.185Z", "user": 1, "content_type": 15, "object_id": "11", "object_repr": "simplex", "action_flag": 1, "change_message": "Added."}}, {"model": "admin.logentry", "pk": 146, "fields": {"action_time": "2016-05-02T18:46:47.030Z", "user": 1, "content_type": 15, "object_id": "12", "object_repr": "slate", "action_flag": 1, "change_message": "Added."}}, {"model": "admin.logentry", "pk": 147, "fields": {"action_time": "2016-05-02T18:46:54.457Z", "user": 1, "content_type": 15, "object_id": "13", "object_repr": "superhero", "action_flag": 1, "change_message": "Added."}}, {"model": "admin.logentry", "pk": 148, "fields": {"action_time": "2016-05-02T18:46:57.593Z", "user": 1, "content_type": 15, "object_id": "14", "object_repr": "united", "action_flag": 1, "change_message": "Added."}}, {"model": "admin.logentry", "pk": 149, "fields": {"action_time": "2016-05-02T18:46:59.739Z", "user": 1, "content_type": 15, "object_id": "15", "object_repr": "yeti", "action_flag": 1, "change_message": "Added."}}, {"model": "admin.logentry", "pk": 150, "fields": {"action_time": "2016-05-03T02:42:46.351Z", "user": 1, "content_type": 15, "object_id": "1", "object_repr": "Amelia", "action_flag": 3, "change_message": ""}}, {"model": "admin.logentry", "pk": 151, "fields": {"action_time": "2016-05-03T02:42:57.920Z", "user": 1, "content_type": 15, "object_id": "4", "object_repr": "Cosmo", "action_flag": 2, "change_message": "Changed theme_name."}}, {"model": "admin.logentry", "pk": 152, "fields": {"action_time": "2016-05-03T02:43:09.514Z", "user": 1, "content_type": 15, "object_id": "16", "object_repr": "Paper", "action_flag": 1, "change_message": "Added."}}, {"model": "admin.logentry", "pk": 153, "fields": {"action_time": "2016-05-03T04:55:40.493Z", "user": 1, "content_type": 10, "object_id": "8", "object_repr": "", "action_flag": 3, "change_message": ""}}, {"model": "admin.logentry", "pk": 154, "fields": {"action_time": "2016-05-03T04:58:18.787Z", "user": 1, "content_type": 10, "object_id": "9", "object_repr": "", "action_flag": 3, "change_message": ""}}]